<?xml version="1.0" encoding="utf-8" ?><dwsync><file name="cockatoos-1000_medium_2x.jpg" server="ftp.nova4d.com" local="3538401602" remote="3538401720" Dst="-1" /><file name="cockatoos-500_medium_1x.jpg" server="ftp.nova4d.com" local="3538401598" remote="3538401720" Dst="-1" /><file name="cockatoos-1500_large_2x.jpg" server="ftp.nova4d.com" local="3538401609" remote="3538401720" Dst="-1" /><file name="cockatoos-750_large_1x.jpg" server="ftp.nova4d.com" local="3538401606" remote="3538401720" Dst="-1" /><file name="grasshopper-1000_medium_2x.jpg" server="ftp.nova4d.com" local="3538401602" remote="3538401720" Dst="-1" /><file name="grasshopper-500_medium_1x.jpg" server="ftp.nova4d.com" local="3538401599" remote="3538401720" Dst="-1" /><file name="grasshopper-750_large_1x.jpg" server="ftp.nova4d.com" local="3538401606" remote="3538401720" Dst="-1" /><file name="grasshopper-1500_large_2x.jpg" server="ftp.nova4d.com" local="3538401610" remote="3538401720" Dst="-1" /><file name="horses-1000_medium_2x.jpg" server="ftp.nova4d.com" local="3538401603" remote="3538401720" Dst="-1" /><file name="horses-1500_large_2x.jpg" server="ftp.nova4d.com" local="3538401610" remote="3538401720" Dst="-1" /><file name="horses-500_medium_1x.jpg" server="ftp.nova4d.com" local="3538401599" remote="3538401720" Dst="-1" /><file name="horses-750_large_1x.jpg" server="ftp.nova4d.com" local="3538401606" remote="3538401720" Dst="-1" /><file name="postcard-1000_medium_2x.jpg" server="ftp.nova4d.com" local="3538401603" remote="3538401720" Dst="-1" /><file name="postcard-1500_large_2x.jpg" server="ftp.nova4d.com" local="3538401610" remote="3538401720" Dst="-1" /><file name="postcard-500_medium_1x.jpg" server="ftp.nova4d.com" local="3538401600" remote="3538401720" Dst="-1" /><file name="postcard-750_large_1x.jpg" server="ftp.nova4d.com" local="3538401607" remote="3538401720" Dst="-1" /><file name="rosella-1000_medium_2x.jpg" server="ftp.nova4d.com" local="3538401604" remote="3538401720" Dst="-1" /><file name="rosella-1500_large_2x.jpg" server="ftp.nova4d.com" local="3538401611" remote="3538401720" Dst="-1" /><file name="rosella-500_medium_1x.jpg" server="ftp.nova4d.com" local="3538401600" remote="3538401720" Dst="-1" /><file name="rosella-750_large_1x.jpg" server="ftp.nova4d.com" local="3538401607" remote="3538401720" Dst="-1" /><file name="sfo-1000_medium_2x.jpg" server="ftp.nova4d.com" local="3538401604" remote="3538401720" Dst="-1" /><file name="sfo-500_medium_1x.jpg" server="ftp.nova4d.com" local="3538401600" remote="3538401720" Dst="-1" /><file name="sfo-1500_large_2x.jpg" server="ftp.nova4d.com" local="3538401612" remote="3538401720" Dst="-1" /><file name="sfo-750_large_1x.jpg" server="ftp.nova4d.com" local="3538401608" remote="3538401720" Dst="-1" /><file name="still_life-1000_medium_2x.jpg" server="ftp.nova4d.com" local="3538401604" remote="3538401720" Dst="-1" /><file name="still_life-1500_large_2x.jpg" server="ftp.nova4d.com" local="3538401612" remote="3538401720" Dst="-1" /><file name="still_life-500_medium_1x.jpg" server="ftp.nova4d.com" local="3538401601" remote="3538401720" Dst="-1" /><file name="still_life-750_large_1x.jpg" server="ftp.nova4d.com" local="3538401608" remote="3538401720" Dst="-1" /><file name="volt-1000_medium_2x.jpg" server="ftp.nova4d.com" local="3538401605" remote="3538401720" Dst="-1" /><file name="volt-1500_large_2x.jpg" server="ftp.nova4d.com" local="3538401613" remote="3538401720" Dst="-1" /><file name="volt-500_medium_1x.jpg" server="ftp.nova4d.com" local="3538401601" remote="3538401720" Dst="-1" /><file name="volt-750_large_1x.jpg" server="ftp.nova4d.com" local="3538401608" remote="3538401720" Dst="-1" /></dwsync>